1,abc@test.com,qwaszx789!!,죠르디좋아,1970,MALE
2,aaa@test.com,qwaszx790!!,니니즈팬,1960,
3,def@test.com,qwaszx791!!,앙몽드,1980,MALE
4,ghijk@test.com,qwaszx792!!,팬다주니어,1970,
5,lmnop@test.com,qwaszx793!!,카피카피스카피,1960,FEMALE
6,qrstu@test.com,qwaszx794!!,케로와베로니,1950,MALE
7,vwxyz@test.com,qwaszx795!!,하프물범앙몬드,2000,FEMALE
8,apple1@test.com,qwaszx796!!,콥과빠냐,1980,MALE
9,apple2@test.com,qwaszx797!!,복숭아어피치,1980,FEMALE
10,apple3@test.com,qwaszx798!!,나는라이언,1950,MALE
11,apple4@test.com,qwaszx799!!,고구마춘식,1950,FEMALE
12,apple5@test.com,qwaszx800!!,오리오리튜브,1960,MALE
13,apple6@test.com,qwaszx801!!,난무지야,1970,
14,apple7@test.com,qwaszx802!!,갈생강아지프로도,1980,MALE
15,apple8@test.com,qwaszx803!!,작은콘,1990,
16,apple9@test.com,qwaszx804!!,빠밤제이지,2000,
17,apple10@test.com,qwaszx805!!,파란색네오,1970,
18,apple11@test.com,qwaszx806!!,갤럭시버즈,1960,FEMALE
19,apple12@test.com,qwaszx807!!,레모나,1980,MALE
20,apple13@test.com,qwaszx808!!,에어팟,1970,FEMALE
21,apple14@test.com,qwaszx809!!,쿼카키링,1960,MALE
22,apple15@test.com,qwaszx810!!,갤릭시,1950,
23,apple16@test.com,qwaszx811!!,사과,2000,
24,apple17@test.com,qwaszx812!!,아이폰,1980,
25,apple18@test.com,qwaszx813!!,은하수,1980,
26,apple19@test.com,qwaszx814!!,머그컵,2001,MALE
27,apple20@test.com,qwaszx815!!,종이컵,2002,FEMALE
28,apple21@test.com,qwaszx816!!,형광펜,1950,MALE
29,apple22@test.com,qwaszx817!!,제트스트림검정,1950,FEMALE
30,apple23@test.com,qwaszx818!!,제트스트림빨강,1960,
31,book1@test.com,qwaszx819!!,제트스트림파랑,1970,
32,book2@test.com,qwaszx820!!,액자,1980,FEMALE
33,book3@test.com,qwaszx821!!,돌고래,2001,MALE
34,book4@test.com,qwaszx822!!,고래인형,2002,FEMALE
35,book5@test.com,qwaszx823!!,인형인형,1970,MALE
36,book6@test.com,qwaszx824!!,섬유향수,1960,FEMALE
37,book7@test.com,qwaszx825!!,다이소다이소,1980,MALE
38,book8@test.com,qwaszx826!!,국내여행,1970,
39,book9@test.com,qwaszx827!!,해외여행,1960,FEMALE
40,book10@test.com,qwaszx828!!,키보드,1950,
41,book11@test.com,qwaszx829!!,마우스,1970,
42,book12@test.com,qwaszx830!!,마우스패드,1960,MALE
43,book13@test.com,qwaszx831!!,모니터27인치,2005,FEMALE
44,book14@test.com,qwaszx832!!,노트북14인치,2004,MALE
45,book15@test.com,qwaszx833!!,유선이어폰1,1970,FEMALE
46,book16@test.com,qwaszx834!!,유선이어폰2,1960,MALE
47,book17@test.com,qwaszx835!!,유선이어폰3,1980,FEMALE
48,book18@test.com,qwaszx836!!,유선이어폰4,1970,MALE
49,book19@test.com,qwaszx837!!,유선이어폰5,1960,FEMALE
50,book20@test.com,qwaszx838!!,유선이어폰6,1950,
51,car1@test.com,flow12345!!,유선이어폰7,2000,FEMALE
52,car2@test.com,flow12346!!,유선이어폰8,1980,
53,car3@test.com,flow12347!!,유선이어폰9,1980,
54,car4@test.com,flow12348!!,유선이어폰10,1950,
55,car5@test.com,flow12349!!,유선이어폰11,1950,MALE
56,car6@test.com,flow12350!!,유선이어폰12,1960,FEMALE
57,car7@test.com,flow12351!!,유선이어폰13,1970,MALE
58,car8@test.com,flow12352!!,유선이어폰14,1980,FEMALE
59,car9@test.com,flow12353!!,유선이어폰15,1990,
60,car10@test.com,flow12354!!,유선이어폰16,2000,
61,car11@test.com,flow12355!!,유선이어폰17,1970,FEMALE
62,car12@test.com,flow12356!!,유선이어폰18,1960,
63,car13@test.com,flow12357!!,유선이어폰19,1980,
64,car14@test.com,flow12358!!,zaaa123,1970,
65,car15@test.com,flow12359!!,피자피자,1960,
66,car16@test.com,flow12360!!,유선이어폰22,1950,MALE
67,car17@test.com,flow12361!!,햄버거먹자,2000,FEMALE
68,car18@test.com,flow12362!!,롯데리아,1980,MALE
69,car19@test.com,flow12363!!,유선이어폰25,1980,FEMALE
70,car20@test.com,flow12364!!,유선이어폰26,2001,
71,dream1@test.com,gallery123!!,유선이어폰27,2002,
72,dream2@test.com,gallery124!!,맘스터치,1950,
73,dream3@test.com,gallery125!!,혜진이가엄청혼났던그날,1950,FEMALE
74,dream4@test.com,gallery126!!,지원이가여친이랑헤어진그날,1960,
75,dream5@test.com,gallery127!!,창문을봐14,1970,MALE
76,dream6@test.com,gallery128!!,ETAETA,1980,FEMALE
77,dream7@test.com,gallery129!!,버거킹좋앙,1970,MALE
78,dream8@test.com,gallery130!!,창문을봐17,1960,FEMALE
79,dream9@test.com,gallery131!!,창문을봐18,1980,MALE
80,dream10@test.com,gallery132!!,도미노피자,1970,
81,dream11@test.com,11host133!!,창문을봐20,1960,
82,dream12@test.com,11host134!!,창문을봐21,1950,
83,dream13@test.com,11host135!!,창문을봐22,2000,
84,dream14@test.com,11host136!!,창문을봐23,1980,
85,dream15@test.com,11host137!!,BBQ맛있겠다,1980,
86,dream16@test.com,11host138!!,창문을봐25,1950,MALE
87,dream17@test.com,11host139!!,창문을봐26,1950,
88,dream18@test.com,11host140!!,BHC도맛있겠다,1960,MALE
89,dream19@test.com,11host141!!,창문을봐28,1970,FEMALE
90,exit1@test.com,11host142!!,창문을봐29,1980,MALE
91,exit2@test.com,11host143!!,슈퍼샤이,1990,
92,exit3@test.com,11host144!!,뉴진스의,2000,
93,exit4@test.com,11host145!!,하이보이,1970,FEMALE
94,exit5@test.com,11host146!!,,1960,MALE
95,exit6@test.com,11host147!!,Spicy,1980,FEMALE
96,exit7@test.com,11host148!!,에스파노래,1970,MALE
97,exit8@test.com,11host149!!,들어주세요,1960,FEMALE
98,exit9@test.com,11host150!!,,1950,
99,exit10@test.com,11host151!!,Hello118,2000,FEMALE
100,exit11@test.com,11host152!!,Hello119,1980,MALE
