17,apple10@test.com,,,,,파란색네오,qwaszx805!!,,https://finalimgbucket.s3.amazonaws.com/afbd4285-402c-4df9-8379-0028f2cea6ef,USER,1970
18,apple11@test.com,FEMALE,,,,갤럭시버즈,qwaszx806!!,,https://finalimgbucket.s3.amazonaws.com/afbd4285-402c-4df9-8379-0028f2cea7ef,USER,1960
19,apple12@test.com,MALE,,,,레모나,qwaszx807!!,,https://finalimgbucket.s3.amazonaws.com/afbd4285-402c-4df9-8379-0028f2cea8ef,USER,1980
20,apple13@test.com,FEMALE,,,,에어팟,qwaszx808!!,,https://finalimgbucket.s3.amazonaws.com/afbd4285-402c-4df9-8379-0028f2cea9ef,USER,1970
21,apple14@test.com,MALE,,,,쿼카키링,qwaszx809!!,,https://finalimgbucket.s3.amazonaws.com/afbd4285-402c-4df9-8379-0028f2cea10ef,USER,1960
22,apple15@test.com,,,,,갤릭시,qwaszx810!!,,https://finalimgbucket.s3.amazonaws.com/afbd4285-402c-4df9-8379-0028f2cea11ef,USER,1950
23,apple16@test.com,,,,,사과,qwaszx811!!,,https://finalimgbucket.s3.amazonaws.com/afbd4285-402c-4df9-8379-0028f2cea12ef,USER,2000
24,apple17@test.com,,,,,아이폰,qwaszx812!!,,https://finalimgbucket.s3.amazonaws.com/afbd4285-402c-4df9-8379-0028f2cea13ef,USER,1980
25,apple18@test.com,,,,,은하수,qwaszx813!!,,https://finalimgbucket.s3.amazonaws.com/afbd4285-402c-4df9-8379-0028f2cea14ef,USER,1980
26,apple19@test.com,MALE,,,,머그컵,qwaszx814!!,,https://finalimgbucket.s3.amazonaws.com/afbd4285-402c-4df9-8379-0028f2cea15ef,USER,2001
27,apple20@test.com,FEMALE,,,,종이컵,qwaszx815!!,,https://finalimgbucket.s3.amazonaws.com/afbd4285-402c-4df9-8379-0028f2cea16ef,USER,2002
28,apple21@test.com,MALE,,,,형광펜,qwaszx816!!,,https://finalimgbucket.s3.amazonaws.com/afbd4285-402c-4df9-8379-0028f2cea17ef,USER,1950
29,apple22@test.com,FEMALE,,,,제트스트림검정,qwaszx817!!,,https://finalimgbucket.s3.amazonaws.com/afbd4285-402c-4df9-8379-0028f2cea18ef,USER,1950
30,apple23@test.com,,,,,제트스트림빨강,qwaszx818!!,,https://finalimgbucket.s3.amazonaws.com/afbd4285-402c-4df9-8379-0028f2cea19ef,USER,1960
31,book1@test.com,,,,,제트스트림파랑,qwaszx819!!,,https://finalimgbucket.s3.amazonaws.com/afbd4285-402c-4df9-8379-0028f2cea20ef,USER,1970
32,book2@test.com,FEMALE,,,,액자,qwaszx820!!,,https://finalimgbucket.s3.amazonaws.com/afbd4285-402c-4df9-8379-0028f2cea21ef,USER,1980
33,book3@test.com,MALE,,,,돌고래,qwaszx821!!,,https://finalimgbucket.s3.amazonaws.com/afbd4285-402c-4df9-8379-0028f2cea22ef,USER,2001
34,book4@test.com,FEMALE,,,,고래인형,qwaszx822!!,,https://finalimgbucket.s3.amazonaws.com/afbd4285-402c-4df9-8379-0028f2cea23ef,USER,2002
35,book5@test.com,MALE,,,,인형인형,qwaszx823!!,,https://finalimgbucket.s3.amazonaws.com/afbd4285-402c-4df9-8379-0028f2cea24ef,USER,1970
36,book6@test.com,FEMALE,,,,섬유향수,qwaszx824!!,,https://finalimgbucket.s3.amazonaws.com/afbd4285-402c-4df9-8379-0028f2cea25ef,USER,1960
37,book7@test.com,MALE,,,,다이소다이소,qwaszx825!!,,https://finalimgbucket.s3.amazonaws.com/afbd4285-402c-4df9-8379-0028f2cea26ef,USER,1980
38,book8@test.com,,,,,국내여행,qwaszx826!!,,https://finalimgbucket.s3.amazonaws.com/afbd4285-402c-4df9-8379-0028f2cea27ef,USER,1970
39,book9@test.com,FEMALE,,,,해외여행,qwaszx827!!,,https://finalimgbucket.s3.amazonaws.com/afbd4285-402c-4df9-8379-0028f2cea28ef,USER,1960
40,book10@test.com,,,,,키보드,qwaszx828!!,,https://finalimgbucket.s3.amazonaws.com/afbd4285-402c-4df9-8379-0028f2cea29ef,USER,1950
41,book11@test.com,,,,,마우스,qwaszx829!!,,https://finalimgbucket.s3.amazonaws.com/afbd4285-402c-4df9-8379-0028f2cea30ef,USER,1970
42,book12@test.com,MALE,,,,마우스패드,qwaszx830!!,,https://finalimgbucket.s3.amazonaws.com/afbd4285-402c-4df9-8379-0028f2cea31ef,USER,1960
43,book13@test.com,FEMALE,,,,모니터27인치,qwaszx831!!,,https://finalimgbucket.s3.amazonaws.com/afbd4285-402c-4df9-8379-0028f2cea32ef,USER,2005
44,book14@test.com,MALE,,,,노트북14인치,qwaszx832!!,,https://finalimgbucket.s3.amazonaws.com/afbd4285-402c-4df9-8379-0028f2cea33ef,USER,2004
45,book15@test.com,FEMALE,,,,유선이어폰1,qwaszx833!!,,https://finalimgbucket.s3.amazonaws.com/afbd4285-402c-4df9-8379-0028f2cea34ef,USER,1970
46,book16@test.com,MALE,,,,유선이어폰2,qwaszx834!!,,https://finalimgbucket.s3.amazonaws.com/afbd4285-402c-4df9-8379-0028f2cea35ef,USER,1960
47,book17@test.com,FEMALE,,,,유선이어폰3,qwaszx835!!,,https://finalimgbucket.s3.amazonaws.com/afbd4285-402c-4df9-8379-0028f2cea36ef,USER,1980
48,book18@test.com,MALE,,,,유선이어폰4,qwaszx836!!,,https://finalimgbucket.s3.amazonaws.com/afbd4285-402c-4df9-8379-0028f2cea37ef,USER,1970
49,book19@test.com,FEMALE,,,,유선이어폰5,qwaszx837!!,,https://finalimgbucket.s3.amazonaws.com/afbd4285-402c-4df9-8379-0028f2cea38ef,USER,1960
50,book20@test.com,,,,,유선이어폰6,qwaszx838!!,,https://finalimgbucket.s3.amazonaws.com/afbd4285-402c-4df9-8379-0028f2cea39ef,USER,1950
51,car1@test.com,FEMALE,,,,유선이어폰7,flow12345!!,,https://finalimgbucket.s3.amazonaws.com/afbd4285-402c-4df9-8379-0028f2cea40ef,USER,2000
52,car2@test.com,,,,,유선이어폰8,flow12346!!,,https://finalimgbucket.s3.amazonaws.com/afbd4285-402c-4df9-8379-0028f2cea41ef,USER,1980
53,car3@test.com,,,,,유선이어폰9,flow12347!!,,https://finalimgbucket.s3.amazonaws.com/afbd4285-402c-4df9-8379-0028f2cea42ef,USER,1980
54,car4@test.com,,,,,유선이어폰10,flow12348!!,,https://finalimgbucket.s3.amazonaws.com/afbd4285-402c-4df9-8379-0028f2cea43ef,USER,1950
55,car5@test.com,MALE,,,,유선이어폰11,flow12349!!,,https://finalimgbucket.s3.amazonaws.com/afbd4285-402c-4df9-8379-0028f2cea44ef,USER,1950
56,car6@test.com,FEMALE,,,,유선이어폰12,flow12350!!,,https://finalimgbucket.s3.amazonaws.com/afbd4285-402c-4df9-8379-0028f2cea45ef,USER,1960
57,car7@test.com,MALE,,,,유선이어폰13,flow12351!!,,https://finalimgbucket.s3.amazonaws.com/afbd4285-402c-4df9-8379-0028f2cea46ef,USER,1970
58,car8@test.com,FEMALE,,,,유선이어폰14,flow12352!!,,https://finalimgbucket.s3.amazonaws.com/afbd4285-402c-4df9-8379-0028f2cea47ef,USER,1980
59,car9@test.com,,,,,유선이어폰15,flow12353!!,,https://finalimgbucket.s3.amazonaws.com/afbd4285-402c-4df9-8379-0028f2cea48ef,USER,1990
60,car10@test.com,,,,,유선이어폰16,flow12354!!,,https://finalimgbucket.s3.amazonaws.com/afbd4285-402c-4df9-8379-0028f2cea49ef,USER,2000
61,car11@test.com,FEMALE,,,,유선이어폰17,flow12355!!,,https://finalimgbucket.s3.amazonaws.com/afbd4285-402c-4df9-8379-0028f2cea50ef,USER,1970
62,car12@test.com,,,,,유선이어폰18,flow12356!!,,https://finalimgbucket.s3.amazonaws.com/afbd4285-402c-4df9-8379-0028f2cea51ef,USER,1960
63,car13@test.com,,,,,유선이어폰19,flow12357!!,,https://finalimgbucket.s3.amazonaws.com/afbd4285-402c-4df9-8379-0028f2cea52ef,USER,1980
64,car14@test.com,,,,,zaaa123,flow12358!!,,https://finalimgbucket.s3.amazonaws.com/afbd4285-402c-4df9-8379-0028f2cea53ef,USER,1970
65,car15@test.com,,,,,피자피자,flow12359!!,,https://finalimgbucket.s3.amazonaws.com/afbd4285-402c-4df9-8379-0028f2cea54ef,USER,1960
66,car16@test.com,MALE,,,,유선이어폰22,flow12360!!,,https://finalimgbucket.s3.amazonaws.com/afbd4285-402c-4df9-8379-0028f2cea55ef,USER,1950
67,car17@test.com,FEMALE,,,,햄버거먹자,flow12361!!,,https://finalimgbucket.s3.amazonaws.com/afbd4285-402c-4df9-8379-0028f2cea56ef,USER,2000
68,car18@test.com,MALE,,,,롯데리아,flow12362!!,,https://finalimgbucket.s3.amazonaws.com/afbd4285-402c-4df9-8379-0028f2cea57ef,USER,1980
69,car19@test.com,FEMALE,,,,유선이어폰25,flow12363!!,,https://finalimgbucket.s3.amazonaws.com/afbd4285-402c-4df9-8379-0028f2cea58ef,USER,1980
70,car20@test.com,,,,,유선이어폰26,flow12364!!,,https://finalimgbucket.s3.amazonaws.com/afbd4285-402c-4df9-8379-0028f2cea59ef,USER,2001
71,dream1@test.com,,,,,유선이어폰27,gallery123!!,,https://finalimgbucket.s3.amazonaws.com/afbd4285-402c-4df9-8379-0028f2cea60ef,USER,2002
72,dream2@test.com,,,,,맘스터치,gallery124!!,,https://finalimgbucket.s3.amazonaws.com/afbd4285-402c-4df9-8379-0028f2cea61ef,USER,1950
73,dream3@test.com,FEMALE,,,,혜진이가엄청혼났던그날,gallery125!!,,https://finalimgbucket.s3.amazonaws.com/afbd4285-402c-4df9-8379-0028f2cea62ef,USER,1950
74,dream4@test.com,,,,,지원이가여친이랑헤어진그날,gallery126!!,,https://finalimgbucket.s3.amazonaws.com/afbd4285-402c-4df9-8379-0028f2cea63ef,USER,1960
75,dream5@test.com,MALE,,,,창문을봐14,gallery127!!,,https://finalimgbucket.s3.amazonaws.com/afbd4285-402c-4df9-8379-0028f2cea64ef,USER,1970
76,dream6@test.com,FEMALE,,,,ETAETA,gallery128!!,,https://finalimgbucket.s3.amazonaws.com/afbd4285-402c-4df9-8379-0028f2cea65ef,USER,1980
77,dream7@test.com,MALE,,,,버거킹좋앙,gallery129!!,,https://finalimgbucket.s3.amazonaws.com/afbd4285-402c-4df9-8379-0028f2cea66ef,USER,1970
78,dream8@test.com,FEMALE,,,,창문을봐17,gallery130!!,,https://finalimgbucket.s3.amazonaws.com/afbd4285-402c-4df9-8379-0028f2cea67ef,USER,1960
79,dream9@test.com,MALE,,,,창문을봐18,gallery131!!,,https://finalimgbucket.s3.amazonaws.com/afbd4285-402c-4df9-8379-0028f2cea68ef,USER,1980
80,dream10@test.com,,,,,도미노피자,gallery132!!,,https://finalimgbucket.s3.amazonaws.com/afbd4285-402c-4df9-8379-0028f2cea69ef,USER,1970
81,dream11@test.com,,,,,창문을봐20,11host133!!,,https://finalimgbucket.s3.amazonaws.com/afbd4285-402c-4df9-8379-0028f2cea70ef,USER,1960
82,dream12@test.com,,,,,창문을봐21,11host134!!,,https://finalimgbucket.s3.amazonaws.com/afbd4285-402c-4df9-8379-0028f2cea71ef,USER,1950
83,dream13@test.com,,,,,창문을봐22,11host135!!,,https://finalimgbucket.s3.amazonaws.com/afbd4285-402c-4df9-8379-0028f2cea72ef,USER,2000
84,dream14@test.com,,,,,창문을봐23,11host136!!,,https://finalimgbucket.s3.amazonaws.com/afbd4285-402c-4df9-8379-0028f2cea73ef,USER,1980
85,dream15@test.com,,,,,BBQ맛있겠다,11host137!!,,https://finalimgbucket.s3.amazonaws.com/afbd4285-402c-4df9-8379-0028f2cea74ef,USER,1980
86,dream16@test.com,MALE,,,,창문을봐25,11host138!!,,https://finalimgbucket.s3.amazonaws.com/afbd4285-402c-4df9-8379-0028f2cea75ef,USER,1950
87,dream17@test.com,,,,,창문을봐26,11host139!!,,https://finalimgbucket.s3.amazonaws.com/afbd4285-402c-4df9-8379-0028f2cea76ef,USER,1950
88,dream18@test.com,MALE,,,,BHC도맛있겠다,11host140!!,,https://finalimgbucket.s3.amazonaws.com/afbd4285-402c-4df9-8379-0028f2cea77ef,USER,1960
89,dream19@test.com,FEMALE,,,,창문을봐28,11host141!!,,https://finalimgbucket.s3.amazonaws.com/afbd4285-402c-4df9-8379-0028f2cea78ef,USER,1970
90,exit1@test.com,MALE,,,,창문을봐29,11host142!!,,https://finalimgbucket.s3.amazonaws.com/afbd4285-402c-4df9-8379-0028f2cea79ef,USER,1980
91,exit2@test.com,,,,,슈퍼샤이,11host143!!,,https://finalimgbucket.s3.amazonaws.com/afbd4285-402c-4df9-8379-0028f2cea80ef,USER,1990
92,exit3@test.com,,,,,뉴진스의,11host144!!,,https://finalimgbucket.s3.amazonaws.com/afbd4285-402c-4df9-8379-0028f2cea81ef,USER,2000
93,exit4@test.com,FEMALE,,,,하이보이,11host145!!,,https://finalimgbucket.s3.amazonaws.com/afbd4285-402c-4df9-8379-0028f2cea82ef,USER,1970
94,exit5@test.com,MALE,,,,n,11host146!!,,https://finalimgbucket.s3.amazonaws.com/afbd4285-402c-4df9-8379-0028f2cea83ef,USER,1960
95,exit6@test.com,FEMALE,,,,Spicy,11host147!!,,https://finalimgbucket.s3.amazonaws.com/afbd4285-402c-4df9-8379-0028f2cea84ef,USER,1980
96,exit7@test.com,MALE,,,,에스파노래,11host148!!,,https://finalimgbucket.s3.amazonaws.com/afbd4285-402c-4df9-8379-0028f2cea85ef,USER,1970
97,exit8@test.com,FEMALE,,,,들어주세요,11host149!!,,https://finalimgbucket.s3.amazonaws.com/afbd4285-402c-4df9-8379-0028f2cea86ef,USER,1960
98,exit9@test.com,,,,,n,11host150!!,,https://finalimgbucket.s3.amazonaws.com/afbd4285-402c-4df9-8379-0028f2cea87ef,USER,1950
99,exit10@test.com,FEMALE,,,,Hello118,11host151!!,,https://finalimgbucket.s3.amazonaws.com/afbd4285-402c-4df9-8379-0028f2cea88ef,USER,2000
100,exit11@test.com,MALE,,,,Hello119,11host152!!,,https://finalimgbucket.s3.amazonaws.com/afbd4285-402c-4df9-8379-0028f2cea89ef,USER,1980
